sim,radiotype,radio,carrier,mcc,mnc,area,cellid,enbrnc,lcid,xarfcn,unit,band,fc,sigl,asu,signal,lat,lon,acc,time,speed,bearing,alt,api,device,rsrq,rssnr,ss,cqi,ta,rssi_cdma,rssi_evdo,ecio_cdma,ecio_evdo,n_radiotype,n_xarfcn,n_unit,n_band,n_fc,n_signal,n_rsrq
1,LTE,LTE,Orange,214,3,1250,60683,237,11,0,382,0,0.0,2,27,-113,40.4307993,-3.656102,20.0,1609976423628,0.0,113.6,718.7,29,Xiaomi_M2002J9G,0,0.0,0,0,0,,,,,,,,,,,
1,LTE,LTE,Orange,214,3,1250,60683,237,11,0,382,0,0.0,2,27,-113,40.4307929,-3.6560928,15.2,1609976428795,0.2,132.6,718.7,29,Xiaomi_M2002J9G,0,0.0,0,0,0,,,,,,,,,,,
1,LTE,LTE,Orange,214,3,1250,60683,237,11,0,382,0,0.0,2,26,-114,40.4307957,-3.6560965,13.7,1609976442386,0.0,316.2,718.7,29,Xiaomi_M2002J9G,0,0.0,0,0,0,,,,,,,,,,,
1,LTE,LTE,Orange,214,3,1250,60683,237,11,0,382,0,0.0,4,60,-80,40.4319368,-3.6566654,23.2,1610012561454,0.2,259.1,719.1,29,Xiaomi_M2002J9G,-11,17.0,-1000,-1,-1,,,,,,,,,,,
1,LTE,LTE,Orange,214,3,1250,60683,237,11,0,382,0,0.0,4,57,-83,40.4319144,-3.6570146,15.1,1610012566492,4.1,265.1,717.4,29,Xiaomi_M2002J9G,-12,12.8,-1000,-1,-1,,,,,,,,,,,
1,LTE,LTE,Orange,214,3,1250,60683,237,11,0,382,0,0.0,4,53,-87,40.4318948,-3.6571544,14.4,1610012571497,2.8,261.4,716.8,29,Xiaomi_M2002J9G,-13,15.2,-1000,-1,-1,,,,,,,,,,,
1,LTE,LTE,Orange,214,3,1250,60683,237,11,0,382,0,0.0,4,52,-88,40.4318852,-3.6571004,16.5,1610012576507,0.3,179.0,719.0,29,Xiaomi_M2002J9G,-8,19.4,-1000,-1,-1,,,,,,,,,,,
1,LTE,LTE,Orange,214,3,1250,60683,237,11,0,382,0,0.0,4,65,-75,40.4318546,-3.6570269,20.5,1610012581518,1.1,122.2,717.2,29,Xiaomi_M2002J9G,-12,16.0,-1000,-1,-1,,,,,,,,,,,
1,LTE,LTE,Orange,214,3,1250,2081280,8130,0,0,63,0,0.0,3,41,-99,40.431349,-3.6594176,24.0,1610012613735,0.2,-2000.0,717.2,29,Xiaomi_M2002J9G,-10,3.0,-1000,-1,-1,,,,,,,,,,,
1,LTE,LTE,Orange,214,3,1250,2081280,8130,0,0,63,0,0.0,3,41,-99,40.4316683,-3.6596129,13.3,1610012619000,0.3,30.6,717.2,29,Xiaomi_M2002J9G,-8,6.8,-1000,-1,-1,,,,,,,,,,,
1,LTE,LTE,Orange,214,3,1250,2081280,8130,0,0,63,0,0.0,3,41,-99,40.4315953,-3.6595697,16.0,1610012624000,0.2,184.6,717.2,29,Xiaomi_M2002J9G,-10,6.8,-1000,-1,-1,,,,,,,,,,,
1,LTE,LTE,Orange,214,3,1250,2081280,8130,0,0,63,0,0.0,3,41,-99,40.4315868,-3.6595744,49.0,1610012629000,0.2,225.0,717.2,29,Xiaomi_M2002J9G,-11,7.4,-1000,-1,-1,,,,,,,,,,,
1,LTE,LTE,Orange,214,3,1250,2081280,8130,0,0,63,0,0.0,4,43,-97,40.4315887,-3.659604,29.5,1610012638000,0.2,263.2,717.2,29,Xiaomi_M2002J9G,-11,2.2,-1000,-1,-1,,,,,,,,,,,
1,LTE,LTE,Orange,214,3,1250,2081280,8130,0,0,63,0,0.0,4,43,-97,40.4316645,-3.6595897,17.5,1610012644000,0.6,2.5,727.6,29,Xiaomi_M2002J9G,-9,2.2,-1000,-1,-1,,,,,,,,,,,
1,LTE,LTE,Orange,214,3,1250,2081280,8130,0,0,63,0,0.0,4,43,-97,40.4316755,-3.659587,101.9,1610012649642,0.3,6.2,733.1,29,Xiaomi_M2002J9G,-9,5.8,-1000,-1,-1,,,,,,,,,,,
1,LTE,LTE+,Orange,214,3,1250,2081280,8130,0,0,63,0,0.0,3,38,-102,40.4316752,-3.6595862,158.1,1610012654679,0.1,9.0,735.7,29,Xiaomi_M2002J9G,-11,4.8,-1000,-1,2,,,,,,,,,,,
1,LTE,LTE+,Orange,214,3,1250,2081280,8130,0,0,63,0,0.0,3,38,-102,40.4316598,-3.6595859,205.3,1610012659696,0.1,169.2,739.4,29,Xiaomi_M2002J9G,-11,4.8,-1000,-1,3,,,,,,,,,,,
1,LTE,LTE+,Orange,214,3,1250,2081280,8130,0,0,63,0,0.0,2,31,-109,40.4316443,-3.659586,317.3,1610012664702,0.2,177.4,739.4,29,Xiaomi_M2002J9G,-12,2.0,-1000,-1,3,,,,,,,,,,,
1,LTE,LTE+,Orange,214,3,1250,2081280,8130,0,0,63,0,0.0,3,35,-105,40.4316371,-3.6595862,64.8,1610012669717,0.0,179.7,739.2,29,Xiaomi_M2002J9G,-12,-0.2,-1000,-1,2,,,,,,,,,,,
1,LTE,LTE+,Orange,214,3,1250,2081280,8130,0,0,63,0,0.0,3,38,-102,40.4316371,-3.6595811,74.4,1610012674731,0.0,10.6,739.8,29,Xiaomi_M2002J9G,-12,1.2,-1000,-1,2,,,,,,,,,,,
1,LTE,LTE+,Orange,214,3,1250,2081280,8130,0,0,63,0,0.0,4,43,-97,40.431875,-3.659631,19.0,1610012684000,7.1,0.7,725.4,29,Xiaomi_M2002J9G,-12,4.8,-1000,-1,2,,,,,,,,,,,
1,LTE,LTE+,Orange,214,3,1250,2081280,8130,0,0,63,0,0.0,4,49,-91,40.4324612,-3.6596766,31.9,1610012690000,12.1,357.2,728.7,29,Xiaomi_M2002J9G,-7,13.6,-1000,-1,3,,,,,,,,,,,
1,LTE,LTE+,Orange,214,3,1250,2081280,8130,0,0,63,0,0.0,4,43,-97,40.4336346,-3.6598012,88.5,1610012699000,14.6,356.0,731.5,29,Xiaomi_M2002J9G,-11,10.4,-1000,-1,4,,,,,,,,,,,
1,LTE,LTE+,Orange,214,3,1150,142082,555,2,0,503,0,0.0,4,45,-95,40.4359313,-3.6595925,26.4,1610012707000,19.9,9.0,723.3,29,Xiaomi_M2002J9G,-10,10.2,-1000,-1,1,,,,,,,,,,,
1,LTE,LTE+,Orange,214,3,1150,142080,555,0,0,501,0,0.0,4,47,-93,40.4372871,-3.6592702,21.7,1610012715000,19.9,10.0,727.2,29,Xiaomi_M2002J9G,-8,15.0,-1000,-1,1,,,,,,,,,,,
1,LTE,LTE+,Orange,214,3,1150,142080,555,0,0,501,0,0.0,4,57,-83,40.4392032,-3.6589129,22.8,1610012725000,21.3,5.3,708.8,29,Xiaomi_M2002J9G,-9,22.4,-1000,-1,1,,,,,,,,,,,
1,LTE,LTE+,Orange,214,3,1150,142080,555,0,0,501,0,0.0,4,45,-95,40.4406822,-3.6587466,53.6,1610012732203,21.0,5.0,708.3,29,Xiaomi_M2002J9G,-9,10.8,-1000,-1,3,,,,,,,,,,,
1,LTE,LTE+,Orange,214,3,1150,1012225,3954,1,0,316,0,0.0,3,34,-106,40.4420633,-3.6587337,23.3,1610012739000,22.1,1.0,707.0,29,Xiaomi_M2002J9G,-13,-0.4,-1000,-1,2,,,,,,,,,,,
1,LTE,LTE+,Orange,214,3,1150,142080,555,0,0,501,0,0.0,3,32,-108,40.4431936,-3.6588196,23.9,1610012745000,20.3,354.6,709.2,29,Xiaomi_M2002J9G,-14,2.8,-1000,-1,5,,,,,,,,,,,
1,LTE,LTE+,Orange,214,3,1150,1012224,3954,0,0,315,0,0.0,2,29,-111,40.444843,-3.6589062,29.9,1610012755000,17.6,6.9,706.0,29,Xiaomi_M2002J9G,-13,-2.0,-1000,-1,4,,,,,,,,,,,
1,LTE,LTE+,Orange,214,3,1150,1012224,3954,0,0,315,0,0.0,2,25,-115,40.4459762,-3.6586056,95.2,1610012762366,16.9,9.8,705.3,29,Xiaomi_M2002J9G,-17,-3.4,-1000,-1,4,,,,,,,,,,,
1,LTE,LTE+,Orange,214,3,1150,237314,927,2,0,416,0,0.0,3,40,-100,40.4465089,-3.6566281,29.9,1610012773437,17.9,61.0,701.9,29,Xiaomi_M2002J9G,-9,5.2,-1000,-1,4,,,,,,,,,,,
1,LTE,LTE+,Orange,214,3,1150,237314,927,2,0,416,0,0.0,4,50,-90,40.4464528,-3.6551655,11.2,1610012779000,19.5,64.0,744.1,29,Xiaomi_M2002J9G,-7,9.2,-1000,-1,3,,,,,,,,,,,
1,LTE,LTE+,Orange,214,3,1150,237314,927,2,0,416,0,0.0,4,53,-87,40.4468944,-3.6539911,4.7,1610012785000,20.3,61.0,759.3,29,Xiaomi_M2002J9G,-7,17.6,-1000,-1,2,,,,,,,,,,,
1,LTE,LTE+,Orange,214,3,1150,130048,508,0,0,435,0,0.0,4,55,-85,40.4473417,-3.6529191,5.1,1610012790000,21.4,61.0,766.1,29,Xiaomi_M2002J9G,-7,13.2,-1000,-1,2,,,,,,,,,,,
1,LTE,LTE+,Orange,214,3,1150,237314,927,2,0,416,0,0.0,4,52,-88,40.4478857,-3.6515667,6.1,1610012796000,22.7,61.0,767.9,29,Xiaomi_M2002J9G,-7,11.4,-1000,-1,2,,,,,,,,,,,
1,LTE,LTE+,Orange,214,3,1150,237313,927,1,0,415,0,0.0,3,41,-99,40.448498,-3.6501056,5.6,1610012802000,23.6,61.0,768.3,29,Xiaomi_M2002J9G,-8,13.4,-1000,-1,1,,,,,,,,,,,
1,LTE,LTE+,Orange,214,3,1150,237313,927,1,0,415,0,0.0,4,50,-90,40.4490545,-3.6488844,7.3,1610012807000,23.5,60.0,767.8,29,Xiaomi_M2002J9G,-7,5.4,-1000,-1,1,,,,,,,,,,,
1,LTE,LTE+,Orange,214,3,1150,237313,927,1,0,415,0,0.0,3,41,-99,40.4495917,-3.6477343,6.7,1610012812000,22.2,63.9,764.5,29,Xiaomi_M2002J9G,-8,9.8,-1000,-1,2,,,,,,,,,,,
1,LTE,LTE+,Orange,214,3,1150,237313,927,1,0,415,0,0.0,3,32,-108,40.4497888,-3.6464544,5.3,1610012817000,21.6,84.9,767.4,29,Xiaomi_M2002J9G,-13,1.6,-1000,-1,3,,,,,,,,,,,
1,LTE,LTE+,Orange,214,3,1650,30722,120,2,0,269,0,0.0,4,57,-83,40.449689,-3.6451577,4.2,1610012822000,22.2,101.0,765.4,29,Xiaomi_M2002J9G,-7,11.2,-1000,-1,2,,,,,,,,,,,
1,LTE,LTE+,Orange,214,3,1650,30722,120,2,0,269,0,0.0,4,61,-79,40.4494779,-3.6438854,3.8,1610012827000,21.4,101.0,760.5,29,Xiaomi_M2002J9G,-6,25.4,-1000,-1,1,,,,,,,,,,,
1,LTE,LTE+,Orange,214,3,1650,30722,120,2,0,269,0,0.0,4,53,-87,40.4492885,-3.6426896,5.0,1610012832000,20.2,101.0,755.5,29,Xiaomi_M2002J9G,-6,23.8,-1000,-1,1,,,,,,,,,,,
1,LTE,LTE+,Orange,214,3,1650,30721,120,1,0,268,0,0.0,4,59,-81,40.449065,-3.6413207,8.7,1610012838000,21.2,101.0,755.5,29,Xiaomi_M2002J9G,-6,10.0,-1000,-1,1,,,,,,,,,,,
1,LTE,LTE+,Orange,214,3,1650,30721,120,1,0,268,0,0.0,4,53,-87,40.4488674,-3.6399602,9.9,1610012843000,24.4,100.0,755.5,29,Xiaomi_M2002J9G,-7,27.4,-1000,-1,1,,,,,,,,,,,
1,LTE,LTE,Orange,214,3,1650,64258,251,2,0,302,0,0.0,4,50,-90,40.4486131,-3.6382032,9.9,1610012849000,24.8,97.0,755.5,29,Xiaomi_M2002J9G,-7,13.2,-1000,-1,2,,,,,,,,,,,
1,LTE,LTE,Orange,214,3,1650,64258,251,2,0,302,0,0.0,4,53,-87,40.4485582,-3.6367639,9.9,1610012854000,24.2,87.0,755.5,29,Xiaomi_M2002J9G,-6,22.8,-1000,-1,2,,,,,,,,,,,
1,LTE,LTE,Orange,214,3,1650,64258,251,2,0,302,0,0.0,3,33,-107,40.4487367,-3.6350669,9.9,1610012860000,24.5,78.0,755.5,29,Xiaomi_M2002J9G,-17,18.8,-1000,-1,1,,,,,,,,,,,
1,LTE,LTE,Orange,214,3,1650,64256,251,0,0,300,0,0.0,4,66,-74,40.4489581,-3.6336237,10.2,1610012865000,25.3,78.0,755.5,29,Xiaomi_M2002J9G,-5,20.6,-1000,-1,1,,,,,,,,,,,
1,LTE,LTE,Orange,214,3,1650,64256,251,0,0,300,0,0.0,4,44,-96,40.4491866,-3.6321217,9.9,1610012870000,26.1,78.0,755.5,29,Xiaomi_M2002J9G,-7,17.6,-1000,-1,2,,,,,,,,,,,
1,LTE,LTE,Orange,214,3,1650,139264,544,0,0,93,0,0.0,4,58,-82,40.4493514,-3.6305762,10.0,1610012875000,26.9,86.0,755.5,29,Xiaomi_M2002J9G,-6,7.4,-1000,-1,1,,,,,,,,,,,
1,LTE,LTE+,Orange,214,3,1650,139264,544,0,0,93,0,0.0,3,35,-105,40.449385,-3.6289898,9.9,1610012880000,26.9,88.0,755.5,29,Xiaomi_M2002J9G,-9,9.4,-1000,-1,1,,,,,,,,,,,
1,LTE,LTE+,Orange,214,3,1650,139264,544,0,0,93,0,0.0,1,17,-123,40.4494301,-3.6270667,9.9,1610012886000,26.7,88.0,755.5,29,Xiaomi_M2002J9G,-13,0.2,-1000,-1,2,,,,,,,,,,,
1,LTE,LTE+,Orange,214,3,1650,234006,914,22,0,245,0,0.0,3,33,-107,40.4494678,-3.6252392,9.9,1610012892000,25.6,88.0,733.8,29,Xiaomi_M2002J9G,-11,-2.6,-1000,-1,-1,,,,,,,,,,,
1,LTE,LTE+,Orange,214,3,1650,233986,914,2,0,359,0,0.0,2,29,-111,40.449517,-3.6234077,9.9,1610012898000,25.7,88.0,730.7,29,Xiaomi_M2002J9G,-8,13.0,-1000,-1,4,,,,,,,,,,,
1,LTE,LTE+,Orange,214,3,1650,233986,914,2,0,359,0,0.0,2,25,-115,40.4495668,-3.6216216,9.9,1610012904000,25.7,88.0,727.4,29,Xiaomi_M2002J9G,-8,7.0,-1000,-1,4,,,,,,,,,,,
1,LTE,LTE+,Orange,214,3,1650,233986,914,2,0,359,0,0.0,3,36,-104,40.4496168,-3.6201167,9.9,1610012909000,25.9,87.0,723.2,29,Xiaomi_M2002J9G,-7,15.8,-1000,-1,3,,,,,,,,,,,
1,LTE,LTE+,Orange,214,3,1650,233986,914,2,0,359,0,0.0,4,52,-88,40.4496394,-3.6182682,9.9,1610012915000,26.5,90.0,716.8,29,Xiaomi_M2002J9G,-7,28.0,-1000,-1,2,,,,,,,,,,,
1,LTE,LTE+,Orange,214,3,1650,233986,914,2,0,359,0,0.0,4,60,-80,40.4496308,-3.6164155,9.9,1610012921000,25.7,90.0,710.5,29,Xiaomi_M2002J9G,-7,30.0,-1000,-1,0,,,,,,,,,,,
1,LTE,LTE+,Orange,214,3,1650,233985,914,1,0,358,0,0.0,4,50,-90,40.4496252,-3.614925,9.9,1610012926000,25.2,90.0,705.1,29,Xiaomi_M2002J9G,-9,2.2,-1000,-1,1,,,,,,,,,,,
1,LTE,LTE+,Orange,214,3,1650,233985,914,1,0,358,0,0.0,4,56,-84,40.4496176,-3.6131251,9.9,1610012932000,25.8,90.0,700.2,29,Xiaomi_M2002J9G,-8,11.8,-1000,-1,1,,,,,,,,,,,
1,LTE,LTE+,Orange,214,3,1650,233985,914,1,0,358,0,0.0,4,59,-81,40.4496082,-3.6116033,9.9,1610012937000,25.6,90.0,694.8,29,Xiaomi_M2002J9G,-9,22.2,-1000,-1,1,,,,,,,,,,,
1,LTE,LTE+,Orange,214,3,1650,233985,914,1,0,358,0,0.0,4,58,-82,40.4496027,-3.6097705,10.5,1610012943000,25.7,90.0,691.4,29,Xiaomi_M2002J9G,-7,27.2,-1000,-1,2,,,,,,,,,,,
1,LTE,LTE+,Orange,214,3,1650,233985,914,1,0,358,0,0.0,4,42,-98,40.4495951,-3.6082198,10.6,1610012948000,25.5,90.0,686.2,29,Xiaomi_M2002J9G,-7,22.4,-1000,-1,3,,,,,,,,,,,
1,LTE,LTE+,Orange,214,3,1650,233985,914,1,0,358,0,0.0,3,40,-100,40.4495972,-3.6066656,10.9,1610012953000,25.3,88.0,686.1,29,Xiaomi_M2002J9G,-7,15.2,-1000,-1,5,,,,,,,,,,,
1,LTE,LTE+,Orange,214,3,1650,233985,914,1,0,358,0,0.0,3,40,-100,40.4496629,-3.6052087,10.3,1610012958000,25.3,84.0,686.1,29,Xiaomi_M2002J9G,-8,13.4,-1000,-1,5,,,,,,,,,,,
1,LTE,LTE+,Orange,214,3,1650,233985,914,1,0,358,0,0.0,3,32,-108,40.449843,-3.6034182,10.0,1610012964000,25.4,82.0,686.1,29,Xiaomi_M2002J9G,-8,8.8,-1000,-1,6,,,,,,,,,,,
1,LTE,LTE+,Orange,214,3,1650,233985,914,1,0,358,0,0.0,1,20,-120,40.450028,-3.601687,10.0,1610012970000,25.1,81.0,686.1,29,Xiaomi_M2002J9G,-13,1.8,-1000,-1,6,,,,,,,,,,,
1,LTE,LTE+,Orange,214,3,1550,136202,532,10,0,399,0,0.0,1,17,-123,40.4501529,-3.5998898,9.9,1610012976000,26.1,90.0,686.1,29,Xiaomi_M2002J9G,-20,-4.6,-1000,-1,7,,,,,,,,,,,
1,LTE,LTE,Orange,214,3,1550,1158165,4524,21,0,82,0,0.0,3,36,-104,40.450104,-3.5983439,9.9,1610012981000,25.9,92.0,686.1,29,Xiaomi_M2002J9G,-13,6.6,-1000,-1,4,,,,,,,,,,,
1,LTE,LTE,Orange,214,3,1242,545548,2131,12,0,71,0,0.0,3,33,-107,40.4500571,-3.5965123,9.9,1610012987000,25.8,91.0,686.1,29,Xiaomi_M2002J9G,-11,4.0,-1000,-1,2,,,,,,,,,,,
1,LTE,LTE+,Orange,214,3,1242,545548,2131,12,0,71,0,0.0,4,50,-90,40.4500137,-3.5946906,9.9,1610012993000,26.1,91.0,686.1,29,Xiaomi_M2002J9G,-7,11.0,-1000,-1,2,,,,,,,,,,,
1,LTE,LTE+,Orange,214,3,1242,545548,2131,12,0,71,0,0.0,4,60,-80,40.449969,-3.5928145,9.9,1610012999000,26.6,91.0,686.1,29,Xiaomi_M2002J9G,-7,22.2,-1000,-1,1,,,,,,,,,,,
1,LTE,LTE+,Orange,214,3,1242,545548,2131,12,0,71,0,0.0,3,38,-102,40.449931,-3.590932,9.9,1610013005000,26.8,91.0,686.1,29,Xiaomi_M2002J9G,-13,15.8,-1000,-1,1,,,,,,,,,,,
1,LTE,LTE+,Orange,214,3,1242,138251,540,11,0,4,0,0.0,2,31,-109,40.4499038,-3.589029,9.9,1610013011000,26.9,91.0,686.1,29,Xiaomi_M2002J9G,-12,4.4,-1000,-1,3,,,,,,,,,,,
1,LTE,LTE+,Orange,214,3,1242,138251,540,11,0,4,0,0.0,2,30,-110,40.4498832,-3.5871868,9.9,1610013017000,25.5,90.0,663.6,29,Xiaomi_M2002J9G,-13,7.4,-1000,-1,3,,,,,,,,,,,
1,LTE,LTE+,Orange,214,3,1242,47884,187,12,0,68,0,0.0,4,46,-94,40.4498798,-3.5853436,9.9,1610013023000,26.2,90.0,662.7,29,Xiaomi_M2002J9G,-12,5.4,-1000,-1,2,,,,,,,,,,,
1,LTE,LTE+,Orange,214,3,1242,47884,187,12,0,68,0,0.0,4,56,-84,40.4498692,-3.583763,9.9,1610013028000,26.5,90.0,661.0,29,Xiaomi_M2002J9G,-10,19.6,-1000,-1,1,,,,,,,,,,,
1,LTE,LTE+,Orange,214,3,1242,47884,187,12,0,68,0,0.0,4,47,-93,40.4498847,-3.5818577,9.9,1610013034000,27.3,88.0,658.8,29,Xiaomi_M2002J9G,-20,1.8,-1000,-1,1,,,,,,,,,,,
1,LTE,LTE+,Orange,214,3,1242,47883,187,11,0,67,0,0.0,4,47,-93,40.4498933,-3.5802328,9.9,1610013039000,27.6,90.0,657.5,29,Xiaomi_M2002J9G,-12,14.6,-1000,-1,2,,,,,,,,,,,
1,LTE,LTE+,Orange,214,3,1242,47883,187,11,0,67,0,0.0,4,42,-98,40.449853,-3.5782727,9.9,1610013045000,27.9,91.0,656.2,29,Xiaomi_M2002J9G,-10,12.4,-1000,-1,3,,,,,,,,,,,
1,LTE,LTE+,Orange,214,3,1242,47883,187,11,0,67,0,0.0,3,41,-99,40.4497874,-3.5762958,9.9,1610013051000,27.9,92.0,654.1,29,Xiaomi_M2002J9G,-12,13.8,-1000,-1,4,,,,,,,,,,,
1,LTE,LTE+,Orange,214,3,1242,47883,187,11,0,67,0,0.0,3,37,-103,40.4497195,-3.5743117,9.9,1610013057000,27.9,91.0,652.3,29,Xiaomi_M2002J9G,-10,6.6,-1000,-1,-1,,,,,,,,,,,
1,LTE,LTE,Orange,214,3,1242,47883,187,11,0,67,0,0.0,2,27,-113,40.4496973,-3.5726357,9.9,1610013062000,28.2,90.0,649.7,29,Xiaomi_M2002J9G,-20,-0.2,-1000,-1,6,,,,,,,,,,,
1,LTE,LTE+,Orange,214,3,1142,3523084,13762,12,0,356,0,0.0,3,34,-106,40.4496905,-3.570968,9.9,1610013067000,28.1,90.0,649.1,29,Xiaomi_M2002J9G,-15,2.2,-1000,-1,4,,,,,,,,,,,
1,LTE,LTE+,Orange,214,3,1142,3523082,13762,10,0,354,0,0.0,3,38,-102,40.4496581,-3.5689953,9.9,1610013073000,28.3,91.0,649.5,29,Xiaomi_M2002J9G,-13,0.2,-1000,-1,2,,,,,,,,,,,
1,LTE,LTE+,Orange,214,3,1142,3523082,13762,10,0,354,0,0.0,4,44,-96,40.449615,-3.5670403,9.9,1610013079000,27.2,91.0,647.0,29,Xiaomi_M2002J9G,-10,14.2,-1000,-1,2,,,,,,,,,,,
1,LTE,LTE+,Orange,214,3,1142,3523082,13762,10,0,354,0,0.0,4,42,-98,40.449563,-3.5651424,9.9,1610013085000,27.3,91.0,647.0,29,Xiaomi_M2002J9G,-13,10.0,-1000,-1,2,,,,,,,,,,,
1,LTE,LTE+,Orange,214,3,1142,3523082,13762,10,0,354,0,0.0,4,47,-93,40.4495233,-3.5635336,9.9,1610013090000,27.3,91.0,647.0,29,Xiaomi_M2002J9G,-14,2.2,-1000,-1,2,,,,,,,,,,,
1,LTE,LTE,Orange,214,3,1142,3523072,13762,0,0,30,0,0.0,3,39,-101,40.4494799,-3.5615969,9.9,1610013096000,27.1,91.0,647.0,29,Xiaomi_M2002J9G,-8,9.4,-1000,-1,4,,,,,,,,,,,
1,LTE,LTE+,Orange,214,3,1142,3523072,13762,0,0,30,0,0.0,3,33,-107,40.4494397,-3.5596938,9.9,1610013102000,27.1,91.0,647.0,29,Xiaomi_M2002J9G,-8,9.6,-1000,-1,5,,,,,,,,,,,
1,LTE,LTE+,Orange,214,3,1142,3523083,13762,11,0,355,0,0.0,2,27,-113,40.4493718,-3.5577793,9.9,1610013108000,27.2,93.0,647.0,29,Xiaomi_M2002J9G,-14,3.0,-1000,-1,7,,,,,,,,,,,
1,LTE,LTE+,Orange,214,3,1142,48406,189,22,0,236,0,0.0,3,34,-106,40.4492466,-3.5558759,9.9,1610013114000,27.1,95.0,647.0,29,Xiaomi_M2002J9G,-8,-1.6,-1000,-1,6,,,,,,,,,,,
1,LTE,LTE+,Orange,214,3,1142,48406,189,22,0,236,0,0.0,3,38,-102,40.4490924,-3.5542908,9.9,1610013119000,26.5,98.0,647.0,29,Xiaomi_M2002J9G,-7,11.6,-1000,-1,5,,,,,,,,,,,
1,LTE,LTE+,Orange,214,3,1142,48386,189,2,0,77,0,0.0,2,25,-115,40.4489245,-3.5528119,9.9,1610013124000,25.0,98.0,647.0,29,Xiaomi_M2002J9G,-9,9.6,-1000,-1,4,,,,,,,,,,,
1,LTE,LTE+,Orange,214,3,1142,48386,189,2,0,77,0,0.0,2,23,-117,40.4487163,-3.5509287,25.1,1610013129980,25.1,98.0,636.3,29,Xiaomi_M2002J9G,-10,7.0,-1000,-1,3,,,,,,,,,,,
1,LTE,LTE+,Orange,214,3,1142,48386,189,2,0,77,0,0.0,2,25,-115,40.4485296,-3.5493127,9.9,1610013136000,25.2,98.0,636.3,29,Xiaomi_M2002J9G,-8,12.2,-1000,-1,3,,,,,,,,,,,
1,LTE,LTE+,Orange,214,3,1142,48386,189,2,0,77,0,0.0,4,56,-84,40.4483661,-3.5478426,9.9,1610013141000,25.0,98.0,636.3,29,Xiaomi_M2002J9G,-6,21.2,-1000,-1,2,,,,,,,,,,,
1,LTE,LTE+,Orange,214,3,1142,48386,189,2,0,77,0,0.0,4,49,-91,40.4481691,-3.5461247,9.9,1610013147000,23.9,98.0,636.3,29,Xiaomi_M2002J9G,-7,16.6,-1000,-1,1,,,,,,,,,,,
1,LTE,LTE+,Orange,214,3,1142,48385,189,1,0,76,0,0.0,4,52,-88,40.4480095,-3.544755,9.9,1610013152000,23.6,99.0,636.3,29,Xiaomi_M2002J9G,-6,30.0,-1000,-1,0,,,,,,,,,,,
1,LTE,LTE+,Orange,214,3,1142,48385,189,1,0,76,0,0.0,3,35,-105,40.4478534,-3.5434359,9.9,1610013157000,21.7,98.0,636.3,29,Xiaomi_M2002J9G,-8,28.0,-1000,-1,1,,,,,,,,,,,
1,LTE,LTE+,Orange,214,3,1142,48385,189,1,0,76,0,0.0,3,33,-107,40.4476873,-3.5419458,10.3,1610013163000,21.4,98.0,636.3,29,Xiaomi_M2002J9G,-10,14.6,-1000,-1,3,,,,,,,,,,,
1,LTE,LTE+,Orange,214,3,1142,48385,189,1,0,76,0,0.0,3,33,-107,40.4475353,-3.5406897,10.8,1610013168000,22.0,98.0,636.3,29,Xiaomi_M2002J9G,-10,10.2,-1000,-1,3,,,,,,,,,,,
1,LTE,LTE+,Orange,214,3,1142,48385,189,1,0,76,0,0.0,2,24,-116,40.4474024,-3.5394247,10.3,1610013173000,21.2,96.0,636.3,29,Xiaomi_M2002J9G,-11,10.6,-1000,-1,4,,,,,,,,,,,
1,LTE,LTE+,Orange,214,3,1142,48385,189,1,0,76,0,0.0,2,29,-111,40.4472442,-3.5380046,9.9,1610013179000,19.8,98.0,636.3,29,Xiaomi_M2002J9G,-9,3.6,-1000,-1,4,,,,,,,,,,,
1,LTE,LTE+,Orange,214,3,1142,48385,189,1,0,76,0,0.0,2,30,-110,40.4470392,-3.536871,9.9,1610013184000,20.1,109.0,636.3,29,Xiaomi_M2002J9G,-7,12.6,-1000,-1,5,,,,,,,,,,,
1,LTE,LTE+,Orange,214,3,1142,171274,669,10,0,417,0,0.0,2,26,-114,40.4466606,-3.5354413,10.2,1610013190000,22.1,108.0,636.3,29,Xiaomi_M2002J9G,-12,2.6,-1000,-1,4,,,,,,,,,,,
1,LTE,LTE+,Orange,214,3,1142,170762,667,10,0,284,0,0.0,2,24,-116,40.4464117,-3.5341434,10.0,1610013195000,22.6,95.1,623.9,29,Xiaomi_M2002J9G,-10,-0.6,-1000,-1,8,,,,,,,,,,,
1,LTE,LTE+,Orange,214,3,1142,170762,667,10,0,284,0,0.0,2,25,-115,40.4465764,-3.5326168,11.4,1610013201000,22.3,72.1,622.5,29,Xiaomi_M2002J9G,-11,-0.6,-1000,-1,8,,,,,,,,,,,
1,LTE,LTE+,Orange,214,3,1142,170762,667,10,0,284,0,0.0,1,20,-120,40.4470105,-3.5310745,9.9,1610013207000,23.2,71.0,622.5,29,Xiaomi_M2002J9G,-14,0.0,-1000,-1,8,,,,,,,,,,,
1,LTE,LTE,Orange,214,3,1242,267532,1045,12,0,455,0,0.0,1,19,-121,40.4473674,-3.5297535,9.9,1610013212000,23.5,71.0,622.5,29,Xiaomi_M2002J9G,-14,-1.2,-1000,-1,10,,,,,,,,,,,
1,LTE,LTE,Orange,214,3,1242,267532,1045,12,0,455,0,0.0,1,21,-119,40.4477152,-3.5284238,9.9,1610013217000,23.9,71.0,622.5,29,Xiaomi_M2002J9G,-15,-3.0,-1000,-1,9,,,,,,,,,,,
1,LTE,LTE,Orange,214,3,1242,267532,1045,12,0,455,0,0.0,2,31,-109,40.4480726,-3.5270505,10.0,1610013222000,24.8,71.0,622.5,29,Xiaomi_M2002J9G,-11,4.4,-1000,-1,8,,,,,,,,,,,
1,LTE,LTE,Orange,214,3,1242,267532,1045,12,0,455,0,0.0,3,35,-105,40.4484449,-3.5256582,9.9,1610013227000,24.7,70.0,622.5,29,Xiaomi_M2002J9G,-12,9.6,-1000,-1,7,,,,,,,,,,,
1,LTE,LTE,Orange,214,3,1242,267532,1045,12,0,455,0,0.0,3,35,-105,40.4489238,-3.5240011,9.9,1610013233000,25.2,67.0,622.5,29,Xiaomi_M2002J9G,-11,8.4,-1000,-1,6,,,,,,,,,,,
1,LTE,LTE,Orange,214,3,1242,267532,1045,12,0,455,0,0.0,3,35,-105,40.4493558,-3.5226163,9.9,1610013238000,25.7,67.0,622.5,29,Xiaomi_M2002J9G,-12,10.0,-1000,-1,6,,,,,,,,,,,
1,LTE,LTE,Orange,214,3,1242,267532,1045,12,0,455,0,0.0,3,38,-102,40.4498797,-3.5208966,10.0,1610013244000,26.8,67.0,622.5,29,Xiaomi_M2002J9G,-12,13.6,-1000,-1,5,,,,,,,,,,,
1,LTE,LTE,Orange,214,3,1242,267532,1045,12,0,455,0,0.0,4,44,-96,40.4503616,-3.5194173,10.0,1610013249000,27.4,66.0,622.5,29,Xiaomi_M2002J9G,-12,14.4,-1000,-1,5,,,,,,,,,,,
1,LTE,LTE,Orange,214,3,1242,267532,1045,12,0,455,0,0.0,4,43,-97,40.4509562,-3.5176106,9.9,1610013255000,27.5,67.0,622.5,29,Xiaomi_M2002J9G,-10,7.2,-1000,-1,4,,,,,,,,,,,
1,LTE,LTE,Orange,214,3,1242,267532,1045,12,0,455,0,0.0,4,45,-95,40.451534,-3.5158185,10.7,1610013261000,27.8,65.0,627.2,29,Xiaomi_M2002J9G,-11,18.8,-1000,-1,3,,,,,,,,,,,
1,LTE,LTE,Orange,214,3,1242,267530,1045,10,0,453,0,0.0,4,49,-91,40.4520468,-3.5143275,9.9,1610013266000,27.3,67.0,630.1,29,Xiaomi_M2002J9G,-6,6.2,-1000,-1,2,,,,,,,,,,,
1,LTE,LTE,Orange,214,3,1242,267530,1045,10,0,453,0,0.0,4,46,-94,40.4525234,-3.5128502,10.2,1610013271000,26.7,65.0,635.6,29,Xiaomi_M2002J9G,-7,11.8,-1000,-1,2,,,,,,,,,,,
1,LTE,LTE,Orange,214,3,1242,267530,1045,10,0,453,0,0.0,3,35,-105,40.4530372,-3.511373,10.5,1610013276000,28.4,64.0,638.4,29,Xiaomi_M2002J9G,-14,2.4,-1000,-1,2,,,,,,,,,,,
1,LTE,LTE,Orange,214,3,1242,1037324,4052,12,0,176,0,0.0,3,34,-106,40.4538117,-3.5095989,10.4,1610013282000,29.2,56.0,637.2,29,Xiaomi_M2002J9G,-9,3.6,-1000,-1,5,,,,,,,,,,,
1,LTE,LTE,Orange,214,3,1242,1037324,4052,12,0,176,0,0.0,3,34,-106,40.4546175,-3.5082176,9.9,1610013287000,29.2,50.0,638.8,29,Xiaomi_M2002J9G,-10,3.6,-1000,-1,4,,,,,,,,,,,
1,LTE,LTE,Orange,214,3,1242,1037324,4052,12,0,176,0,0.0,3,36,-104,40.4554713,-3.5069094,9.9,1610013292000,29.1,49.0,641.1,29,Xiaomi_M2002J9G,-10,7.8,-1000,-1,3,,,,,,,,,,,
1,LTE,LTE,Orange,214,3,1242,1037324,4052,12,0,176,0,0.0,4,47,-93,40.4564671,-3.5053564,10.2,1610013298000,28.5,49.0,643.1,29,Xiaomi_M2002J9G,-8,6.4,-1000,-1,3,,,,,,,,,,,
1,LTE,LTE,Orange,214,3,1242,1037324,4052,12,0,176,0,0.0,3,40,-100,40.4574689,-3.5037997,10.2,1610013304000,29.0,50.0,643.0,29,Xiaomi_M2002J9G,-16,-2.6,-1000,-1,2,,,,,,,,,,,
1,LTE,LTE,Orange,214,3,1242,1037322,4052,10,0,174,0,0.0,3,41,-99,40.4583306,-3.5024365,9.9,1610013309000,30.0,51.0,642.1,29,Xiaomi_M2002J9G,-11,8.8,-1000,-1,3,,,,,,,,,,,
1,LTE,LTE,Orange,214,3,1242,1037322,4052,10,0,174,0,0.0,4,61,-79,40.4593032,-3.5006883,10.2,1610013315000,30.9,56.0,642.7,29,Xiaomi_M2002J9G,-9,22.6,-1000,-1,2,,,,,,,,,,,
1,LTE,LTE,Orange,214,3,1242,1037322,4052,10,0,174,0,0.0,4,47,-93,40.4602147,-3.4988362,9.9,1610013321000,29.2,59.0,645.0,29,Xiaomi_M2002J9G,-9,22.6,-1000,-1,4,,,,,,,,,,,
1,LTE,LTE,Orange,214,3,1242,1037322,4052,10,0,174,0,0.0,4,44,-96,40.4608564,-3.4973595,10.1,1610013326000,29.4,61.0,645.0,29,Xiaomi_M2002J9G,-8,17.0,-1000,-1,4,,,,,,,,,,,
1,LTE,LTE,Orange,214,3,1242,1037322,4052,10,0,174,0,0.0,2,30,-110,40.4614226,-3.4958066,10.6,1610013331000,29.4,66.0,645.0,29,Xiaomi_M2002J9G,-11,7.0,-1000,-1,5,,,,,,,,,,,
1,LTE,LTE+,Orange,214,3,1242,164108,641,12,0,179,0,0.0,3,40,-100,40.461965,-3.4938685,10.5,1610013337000,28.8,71.0,645.0,29,Xiaomi_M2002J9G,-8,11.2,-1000,-1,3,,,,,,,,,,,
1,LTE,LTE+,Orange,214,3,1242,164108,641,12,0,179,0,0.0,4,47,-93,40.4623598,-3.4922696,10.0,1610013342000,28.4,72.0,645.0,29,Xiaomi_M2002J9G,-6,17.4,-1000,-1,2,,,,,,,,,,,
1,LTE,LTE+,Orange,214,3,1242,164106,641,10,0,177,0,0.0,3,40,-100,40.4628489,-3.4903873,9.9,1610013348000,28.1,71.0,645.0,29,Xiaomi_M2002J9G,-10,9.4,-1000,-1,1,,,,,,,,,,,
1,LTE,LTE+,Orange,214,3,1242,164106,641,10,0,177,0,0.0,4,54,-86,40.4633615,-3.4885038,9.9,1610013354000,28.4,70.0,645.0,29,Xiaomi_M2002J9G,-11,14.2,-1000,-1,2,,,,,,,,,,,
1,LTE,LTE+,Orange,214,3,1242,164106,641,10,0,177,0,0.0,2,31,-109,40.4638354,-3.4865991,10.1,1610013360000,28.4,74.0,645.0,29,Xiaomi_M2002J9G,-9,6.8,-1000,-1,2,,,,,,,,,,,
1,LTE,LTE,Orange,214,3,1242,164106,641,10,0,177,0,0.0,2,25,-115,40.4641814,-3.4850362,11.1,1610013365000,26.3,73.0,645.0,29,Xiaomi_M2002J9G,-13,3.6,-1000,-1,4,,,,,,,,,,,
1,LTE,LTE+,Orange,214,3,1242,164106,641,10,0,177,0,0.0,2,30,-110,40.4645762,-3.4833119,11.0,1610013371000,25.2,73.0,645.0,29,Xiaomi_M2002J9G,-11,2.4,-1000,-1,4,,,,,,,,,,,
1,LTE,LTE+,Orange,214,3,1242,164106,641,10,0,177,0,0.0,2,28,-112,40.4649089,-3.4818876,11.1,1610013376000,24.6,73.0,645.0,29,Xiaomi_M2002J9G,-12,5.6,-1000,-1,5,,,,,,,,,,,
1,LTE,LTE+,Orange,214,3,1242,164106,641,10,0,177,0,0.0,1,21,-119,40.4652837,-3.4802305,10.7,1610013382000,24.3,73.0,644.6,29,Xiaomi_M2002J9G,-14,2.8,-1000,-1,6,,,,,,,,,,,
1,LTE,LTE+,Orange,214,3,1242,165899,648,11,0,196,0,0.0,2,29,-111,40.4656478,-3.4785576,10.0,1610013388000,25.9,74.0,644.6,29,Xiaomi_M2002J9G,-13,2.8,-1000,-1,15,,,,,,,,,,,
1,LTE,LTE+,Orange,214,3,1242,165899,648,11,0,196,0,0.0,2,31,-109,40.4659251,-3.4771254,9.9,1610013393000,24.2,76.0,644.6,29,Xiaomi_M2002J9G,-11,2.0,-1000,-1,15,,,,,,,,,,,
1,LTE,LTE+,Orange,214,3,1242,165899,648,11,0,196,0,0.0,2,29,-111,40.4662171,-3.4754989,9.9,1610013399000,23.4,76.0,644.6,29,Xiaomi_M2002J9G,-13,0.4,-1000,-1,15,,,,,,,,,,,
1,LTE,LTE+,Orange,214,3,1242,165909,648,21,0,409,0,0.0,2,29,-111,40.4664912,-3.4738895,9.9,1610013405000,23.4,78.0,644.6,29,Xiaomi_M2002J9G,-17,-2.0,-1000,-1,-1,,,,,,,,,,,
1,LTE,LTE+,Orange,214,3,1242,165899,648,11,0,196,0,0.0,2,27,-113,40.4666788,-3.4725034,9.9,1610013410000,23.9,81.0,644.6,29,Xiaomi_M2002J9G,-12,1.4,-1000,-1,16,,,,,,,,,,,
1,LTE,LTE+,Orange,214,3,1242,165899,648,11,0,196,0,0.0,2,28,-112,40.4668151,-3.4711116,9.9,1610013415000,23.2,83.0,644.6,29,Xiaomi_M2002J9G,-14,-2.2,-1000,-1,16,,,,,,,,,,,
1,LTE,LTE+,Orange,214,3,1242,1008909,3941,13,0,211,0,0.0,3,34,-106,40.4669288,-3.4694825,9.9,1610013421000,22.9,86.0,644.6,29,Xiaomi_M2002J9G,-10,1.4,-1000,-1,4,,,,,,,,,,,
1,LTE,LTE+,Orange,214,3,1242,165899,648,11,0,196,0,0.0,2,28,-112,40.4669643,-3.4678646,9.9,1610013427000,22.2,91.0,644.6,29,Xiaomi_M2002J9G,-15,-3.2,-1000,-1,17,,,,,,,,,,,
1,LTE,LTE+,Orange,214,3,1242,165899,648,11,0,196,0,0.0,2,27,-113,40.4669162,-3.4665828,9.9,1610013432000,21.5,93.0,644.6,29,Xiaomi_M2002J9G,-13,-1.8,-1000,-1,17,,,,,,,,,,,
1,LTE,LTE+,Orange,214,3,1242,420619,1643,11,0,385,0,0.0,3,37,-103,40.466855,-3.4653282,9.9,1610013437000,21.5,94.0,644.6,29,Xiaomi_M2002J9G,-10,7.6,-1000,-1,6,,,,,,,,,,,
1,LTE,LTE+,Orange,214,3,1242,420619,1643,11,0,385,0,0.0,4,42,-98,40.4667585,-3.4640721,10.2,1610013441613,20.8,97.0,641.9,29,Xiaomi_M2002J9G,-8,13.4,-1000,-1,5,,,,,,,,,,,
1,LTE,LTE+,Orange,214,3,1242,420619,1643,11,0,385,0,0.0,4,45,-95,40.466471,-3.462719,9.9,1610013448000,19.8,106.1,641.5,29,Xiaomi_M2002J9G,-7,12.2,-1000,-1,5,,,,,,,,,,,
1,LTE,LTE+,Orange,214,3,1242,420619,1643,11,0,385,0,0.0,3,40,-100,40.4663401,-3.461544,9.9,1610013453000,21.1,89.0,641.4,29,Xiaomi_M2002J9G,-9,13.0,-1000,-1,4,,,,,,,,,,,
1,LTE,LTE+,Orange,214,3,1242,420619,1643,11,0,385,0,0.0,4,49,-91,40.4663571,-3.460015,9.9,1610013459000,21.6,91.0,642.4,29,Xiaomi_M2002J9G,-8,15.0,-1000,-1,4,,,,,,,,,,,
1,LTE,LTE+,Orange,214,3,1242,420619,1643,11,0,385,0,0.0,4,57,-83,40.4662896,-3.4585074,9.9,1610013465000,21.5,94.0,642.3,29,Xiaomi_M2002J9G,-10,17.2,-1000,-1,2,,,,,,,,,,,
1,LTE,LTE+,Orange,214,3,1242,420619,1643,11,0,385,0,0.0,4,49,-91,40.4662019,-3.4569903,9.9,1610013471000,21.7,93.0,641.4,29,Xiaomi_M2002J9G,-10,19.4,-1000,-1,1,,,,,,,,,,,
1,LTE,LTE+,Orange,214,3,1242,420620,1643,12,0,386,0,0.0,4,63,-77,40.4661835,-3.4554582,9.9,1610013477000,21.7,89.0,643.1,29,Xiaomi_M2002J9G,-9,10.0,-1000,-1,1,,,,,,,,,,,
1,LTE,LTE+,Orange,214,3,1242,420620,1643,12,0,386,0,0.0,4,44,-96,40.4662368,-3.4541755,9.9,1610013482000,21.6,83.0,644.5,29,Xiaomi_M2002J9G,-12,3.6,-1000,-1,0,,,,,,,,,,,
1,LTE,LTE+,Orange,214,3,1242,420620,1643,12,0,386,0,0.0,4,49,-91,40.4663738,-3.4528659,9.9,1610013487000,21.8,84.0,640.0,29,Xiaomi_M2002J9G,-15,-3.2,-1000,-1,1,,,,,,,,,,,
1,LTE,LTE,Orange,214,3,1242,164876,644,12,0,89,0,0.0,4,42,-98,40.4665363,-3.451291,9.9,1610013493000,22.3,83.0,639.4,29,Xiaomi_M2002J9G,-13,2.4,-1000,-1,3,,,,,,,,,,,
1,LTE,LTE,Orange,214,3,1242,164876,644,12,0,89,0,0.0,4,63,-77,40.4666515,-3.4497278,9.9,1610013499000,22.2,84.0,638.7,29,Xiaomi_M2002J9G,-5,16.6,-1000,-1,2,,,,,,,,,,,
1,LTE,LTE,Orange,214,3,1242,164876,644,12,0,89,0,0.0,4,55,-85,40.4667915,-3.4480477,9.9,1610013505000,22.7,83.0,643.0,29,Xiaomi_M2002J9G,-11,6.2,-1000,-1,1,,,,,,,,,,,
1,LTE,LTE+,Orange,214,3,1242,164874,644,10,0,87,0,0.0,4,45,-95,40.466921,-3.4465071,9.9,1610013511000,23.1,84.0,643.0,29,Xiaomi_M2002J9G,-8,2.8,-1000,-1,2,,,,,,,,,,,
1,LTE,LTE+,Orange,214,3,1242,164874,644,10,0,87,0,0.0,3,32,-108,40.4670326,-3.4451564,9.9,1610013516000,22.8,83.0,643.0,29,Xiaomi_M2002J9G,-12,1.0,-1000,-1,2,,,,,,,,,,,
1,LTE,LTE+,Orange,214,3,1242,164876,644,12,0,89,0,0.0,2,23,-117,40.4670908,-3.4436583,9.9,1610013522000,20.2,92.0,643.0,29,Xiaomi_M2002J9G,-14,-3.2,-1000,-1,4,,,,,,,,,,,
1,LTE,LTE,Orange,214,3,1242,164876,644,12,0,89,0,0.0,1,20,-120,40.4671197,-3.4422428,9.9,1610013528000,20.2,86.0,643.0,29,Xiaomi_M2002J9G,-17,-3.2,-1000,-1,5,,,,,,,,,,,
1,LTE,LTE+,Orange,214,3,1242,164884,644,20,0,282,0,0.0,2,28,-112,40.4670979,-3.4408425,9.9,1610013534000,18.7,100.9,643.0,29,Xiaomi_M2002J9G,-16,-4.2,-1000,-1,5,,,,,,,,,,,
1,LTE,LTE,Orange,214,3,1142,187404,732,12,0,494,0,0.0,3,36,-104,40.4668629,-3.4398989,9.9,1610013539000,14.6,110.9,643.0,29,Xiaomi_M2002J9G,-10,6.6,-1000,-1,4,,,,,,,,,,,
1,LTE,LTE,Orange,214,3,1142,187404,732,12,0,494,0,0.0,2,30,-110,40.4667089,-3.4395149,10.0,1610013544000,5.5,122.8,643.0,29,Xiaomi_M2002J9G,-12,10.0,-1000,-1,3,,,,,,,,,,,
1,LTE,LTE,Orange,214,3,1142,187404,732,12,0,494,0,0.0,3,38,-102,40.4665652,-3.4393831,10.0,1610013550000,3.4,145.7,643.0,29,Xiaomi_M2002J9G,-12,11.0,-1000,-1,3,,,,,,,,,,,
1,LTE,LTE,Orange,214,3,1142,187404,732,12,0,494,0,0.0,3,35,-105,40.4662865,-3.4390496,9.9,1610013556000,8.4,110.1,641.8,29,Xiaomi_M2002J9G,-11,11.0,-1000,-1,4,,,,,,,,,,,
1,LTE,LTE,Orange,214,3,1142,187404,732,12,0,494,0,0.0,3,35,-105,40.4660206,-3.4387783,10.0,1610013561000,8.3,165.0,641.8,29,Xiaomi_M2002J9G,-11,11.0,-1000,-1,2,,,,,,,,,,,
1,LTE,LTE,Orange,214,3,1142,187404,732,12,0,494,0,0.0,2,28,-112,40.4655195,-3.4385099,10.2,1610013567000,11.3,157.0,641.8,29,Xiaomi_M2002J9G,-10,12.6,-1000,-1,2,,,,,,,,,,,
1,LTE,LTE,Orange,214,3,1142,187414,732,22,0,335,0,0.0,2,30,-110,40.4647973,-3.4380843,11.0,1610013574000,12.8,156.0,641.8,29,Xiaomi_M2002J9G,-12,5.8,-1000,-1,3,,,,,,,,,,,
1,LTE,LTE+,Orange,214,3,1142,187414,732,22,0,335,0,0.0,3,41,-99,40.464271,-3.4377956,10.6,1610013579000,10.2,156.1,641.8,29,Xiaomi_M2002J9G,-12,9.4,-1000,-1,2,,,,,,,,,,,
1,LTE,LTE+,Orange,214,3,1142,187403,732,11,0,493,0,0.0,4,44,-96,40.4640276,-3.4376449,10.4,1610013584000,3.5,161.4,641.8,29,Xiaomi_M2002J9G,-10,9.4,-1000,-1,2,,,,,,,,,,,
1,LTE,LTE+,Orange,214,3,1142,187403,732,11,0,493,0,0.0,4,45,-95,40.4639264,-3.4376972,10.3,1610013590000,4.3,214.7,641.8,29,Xiaomi_M2002J9G,-8,10.4,-1000,-1,2,,,,,,,,,,,
1,LTE,LTE+,Orange,214,3,1142,187403,732,11,0,493,0,0.0,3,39,-101,40.4637161,-3.4381112,10.0,1610013595000,9.5,244.0,640.7,29,Xiaomi_M2002J9G,-9,7.2,-1000,-1,2,,,,,,,,,,,
1,LTE,LTE+,Orange,214,3,1142,187403,732,11,0,493,0,0.0,3,35,-105,40.4634738,-3.438744,9.9,1610013601000,8.6,246.0,640.7,29,Xiaomi_M2002J9G,-10,7.2,-1000,-1,2,,,,,,,,,,,
1,LTE,LTE,Orange,214,3,1142,187403,732,11,0,493,0,0.0,3,34,-106,40.4633668,-3.4390914,9.9,1610013606000,6.1,249.9,640.7,29,Xiaomi_M2002J9G,-12,2.8,-1000,-1,-1,,,,,,,,,,,
1,LTE,LTE,Orange,214,3,1142,187403,732,11,0,493,0,0.0,3,34,-106,40.4632351,-3.4395093,9.9,1610013611000,7.9,248.0,640.7,29,Xiaomi_M2002J9G,-13,2.8,-1000,-1,-1,,,,,,,,,,,
1,LTE,LTE,Orange,214,3,1142,187403,732,11,0,493,0,0.0,3,36,-104,40.4631285,-3.4398673,9.9,1610013616000,5.7,247.0,640.7,29,Xiaomi_M2002J9G,-11,-3.8,-1000,-1,-1,,,,,,,,,,,
1,LTE,LTE+,Orange,214,3,1142,187403,732,11,0,493,0,0.0,2,30,-110,40.4629929,-3.4401817,9.9,1610013621000,6.0,244.9,640.7,29,Xiaomi_M2002J9G,-10,-1.4,-1000,-1,3,,,,,,,,,,,
1,LTE,LTE,Orange,214,3,1142,187404,732,12,0,494,0,0.0,2,26,-114,40.4629342,-3.4404286,10.3,1610013626000,3.6,252.1,641.1,29,Xiaomi_M2002J9G,-12,3.4,-1000,-1,3,,,,,,,,,,,
1,LTE,LTE,Orange,214,3,1142,187404,732,12,0,494,0,0.0,2,24,-116,40.4629148,-3.4404757,10.3,1610013632000,1.1,236.1,644.3,29,Xiaomi_M2002J9G,-13,-0.4,-1000,-1,3,,,,,,,,,,,
1,LTE,LTE,Orange,214,3,1142,187404,732,12,0,494,0,0.0,2,24,-116,40.4629463,-3.4404305,10.2,1610013637000,0.2,19.8,643.7,29,Xiaomi_M2002J9G,-13,-0.4,-1000,-1,3,,,,,,,,,,,
1,LTE,LTE,Orange,214,3,1142,187404,732,12,0,494,0,0.0,3,34,-106,40.4642402,-3.4388679,119.1,1610019647965,-2000.0,-2000.0,642.8,29,Xiaomi_M2002J9G,-12,7.0,-1000,-1,2,,,,,,,,,,,
1,LTE,LTE,Orange,214,3,1142,187404,732,12,0,494,0,0.0,3,36,-104,40.4640321,-3.4387723,59.2,1610019653626,0.0,160.7,642.8,29,Xiaomi_M2002J9G,-12,7.0,-1000,-1,2,,,,,,,,,,,
